{
    "loss": 14.755502700805664,
    "accuracy": 0.5686274766921997
}